source_id,setting,expected_scene
bolt-detection,Industrial,conveyor belt
bolt-multi-size-detection,Industrial,conveyor belt
bottle-detection,Objects,objects on a table
car-detection,Outdoor,parking lot from above
classroom,Indoor people,classroom
face-demographics-walking-and-pause,Indoor people,indoor hallway
face-demographics-walking,Indoor people,indoor hallway
fruit-and-vegetable-detection,Objects,produce on a conveyor
head-pose-face-detection-female-and-male,Faces,person portrait
head-pose-face-detection-female,Faces,person portrait
head-pose-face-detection-male,Faces,person portrait
one-by-one-person-detection,Indoor people,indoor hallway
people-detection,Indoor people,indoor hallway
person-bicycle-car-detection,Outdoor,parking lot from above
store-aisle-detection,Retail,retail store aisle
worker-zone-detection,Industrial,warehouse worker
driver-action-recognition,In-vehicle,inside a car
